image_id,label
0_451.png.png,0
0_467.png.png,0
0_452.png.png,0
0_481.png.png,0
0_494.png.png,0
0_472.png.png,0
0_450.png.png,0
0_461.png.png,0
0_460.png.png,0
0_473.png.png,0
0_486.png.png,0
0_462.png.png,0
0_458.png.png,0
0_496.png.png,0
0_459.png.png,0
0_469.png.png,0
0_495.png.png,0
0_468.png.png,0
0_477.png.png,0
0_453.png.png,0
0_491.png.png,0
0_457.png.png,0
0_497.png.png,0
0_492.png.png,0
0_454.png.png,0
0_493.png.png,0
0_470.png.png,0
0_474.png.png,32
0_478.png.png,0
0_455.png.png,0
0_464.png.png,0
0_483.png.png,0
0_498.png.png,0
0_456.png.png,0
0_479.png.png,0
0_499.png.png,0
0_480.png.png,0
0_482.png.png,0
0_485.png.png,0
0_484.png.png,0
0_463.png.png,0
0_466.png.png,0
0_489.png.png,0
0_475.png.png,0
0_471.png.png,0
0_476.png.png,0
0_487.png.png,0
0_488.png.png,0
0_465.png.png,0
0_490.png.png,0
1_463.png.png,1
1_492.png.png,1
1_488.png.png,1
1_485.png.png,1
1_453.png.png,1
1_484.png.png,9
1_499.png.png,1
1_496.png.png,1
1_451.png.png,1
1_480.png.png,40
1_498.png.png,1
1_469.png.png,1
1_482.png.png,1
1_462.png.png,1
1_476.png.png,1
1_493.png.png,1
1_452.png.png,1
1_487.png.png,1
1_455.png.png,1
1_468.png.png,1
1_489.png.png,1
1_459.png.png,1
1_457.png.png,1
1_466.png.png,1
1_454.png.png,1
1_497.png.png,1
1_460.png.png,1
1_495.png.png,1
1_461.png.png,1
1_494.png.png,1
1_450.png.png,1
1_470.png.png,1
1_465.png.png,1
1_464.png.png,1
1_471.png.png,1
1_475.png.png,1
1_477.png.png,1
1_490.png.png,1
1_472.png.png,1
1_486.png.png,1
1_458.png.png,1
1_478.png.png,1
1_481.png.png,1
1_473.png.png,1
1_467.png.png,1
1_491.png.png,9
1_483.png.png,1
1_479.png.png,1
1_456.png.png,1
1_474.png.png,1
2_461.png.png,2
2_490.png.png,2
2_459.png.png,2
2_486.png.png,2
2_450.png.png,2
2_474.png.png,2
2_465.png.png,2
2_477.png.png,2
2_495.png.png,2
2_489.png.png,2
2_481.png.png,2
2_499.png.png,2
2_472.png.png,2
2_466.png.png,0
2_457.png.png,2
2_455.png.png,2
2_468.png.png,2
2_452.png.png,2
2_467.png.png,2
2_479.png.png,2
2_497.png.png,2
2_482.png.png,2
2_456.png.png,2
2_498.png.png,2
2_494.png.png,2
2_458.png.png,2
2_484.png.png,2
2_491.png.png,2
2_493.png.png,2
2_453.png.png,2
2_476.png.png,2
2_473.png.png,11
2_464.png.png,2
2_492.png.png,2
2_451.png.png,27
2_478.png.png,2
2_454.png.png,2
2_488.png.png,2
2_462.png.png,2
2_470.png.png,2
2_475.png.png,2
2_483.png.png,2
2_471.png.png,2
2_469.png.png,2
2_480.png.png,2
2_487.png.png,29
2_463.png.png,44
2_460.png.png,2
2_496.png.png,2
2_485.png.png,2
3_455.png.png,3
3_494.png.png,3
3_460.png.png,28
3_473.png.png,3
3_467.png.png,3
3_465.png.png,25
3_462.png.png,30
3_484.png.png,3
3_492.png.png,3
3_469.png.png,3
3_461.png.png,3
3_499.png.png,3
3_487.png.png,33
3_457.png.png,3
3_493.png.png,17
3_459.png.png,3
3_477.png.png,3
3_475.png.png,3
3_481.png.png,3
3_470.png.png,47
3_464.png.png,2
3_454.png.png,17
3_463.png.png,15
3_498.png.png,3
3_472.png.png,3
3_476.png.png,3
3_490.png.png,3
3_451.png.png,3
3_474.png.png,3
3_450.png.png,3
3_486.png.png,3
3_466.png.png,3
3_483.png.png,3
3_495.png.png,3
3_482.png.png,3
3_497.png.png,3
3_456.png.png,3
3_491.png.png,3
3_478.png.png,3
3_468.png.png,33
3_488.png.png,3
3_485.png.png,3
3_452.png.png,3
3_480.png.png,3
3_496.png.png,3
3_479.png.png,3
3_471.png.png,3
3_489.png.png,3
3_458.png.png,33
3_453.png.png,47
4_478.png.png,4
4_489.png.png,4
4_467.png.png,4
4_459.png.png,4
4_480.png.png,31
4_455.png.png,4
4_456.png.png,4
4_485.png.png,10
4_464.png.png,4
4_495.png.png,24
4_454.png.png,12
4_472.png.png,4
4_494.png.png,4
4_484.png.png,4
4_465.png.png,4
4_496.png.png,4
4_497.png.png,4
4_461.png.png,4
4_470.png.png,4
4_492.png.png,4
4_482.png.png,28
4_469.png.png,4
4_450.png.png,4
4_475.png.png,12
4_481.png.png,4
4_477.png.png,4
4_462.png.png,24
4_458.png.png,4
4_471.png.png,46
4_488.png.png,4
4_491.png.png,4
4_479.png.png,4
4_451.png.png,4
4_473.png.png,4
4_463.png.png,4
4_483.png.png,4
4_486.png.png,4
4_460.png.png,4
4_457.png.png,4
4_493.png.png,4
4_498.png.png,4
4_499.png.png,4
4_453.png.png,19
4_452.png.png,14
4_487.png.png,19
4_474.png.png,4
4_468.png.png,4
4_476.png.png,4
4_490.png.png,4
4_466.png.png,4
5_467.png.png,5
5_475.png.png,43
5_492.png.png,5
5_486.png.png,5
5_477.png.png,19
5_464.png.png,5
5_456.png.png,5
5_495.png.png,5
5_481.png.png,5
5_465.png.png,5
5_493.png.png,5
5_479.png.png,19
5_451.png.png,5
5_496.png.png,5
5_455.png.png,5
5_478.png.png,5
5_498.png.png,3
5_485.png.png,5
5_469.png.png,5
5_473.png.png,5
5_494.png.png,5
5_484.png.png,29
5_497.png.png,5
5_452.png.png,5
5_468.png.png,5
5_489.png.png,5
5_472.png.png,5
5_491.png.png,5
5_458.png.png,5
5_450.png.png,5
5_460.png.png,19
5_453.png.png,5
5_454.png.png,5
5_476.png.png,4
5_499.png.png,5
5_471.png.png,5
5_457.png.png,5
5_483.png.png,5
5_490.png.png,5
5_482.png.png,5
5_463.png.png,5
5_487.png.png,5
5_470.png.png,5
5_461.png.png,5
5_474.png.png,5
5_488.png.png,5
5_459.png.png,5
5_480.png.png,5
5_462.png.png,4
5_466.png.png,19
6_487.png.png,6
6_465.png.png,6
6_489.png.png,30
6_475.png.png,6
6_463.png.png,6
6_461.png.png,6
6_496.png.png,6
6_457.png.png,6
6_483.png.png,6
6_490.png.png,31
6_472.png.png,6
6_497.png.png,6
6_462.png.png,13
6_459.png.png,6
6_477.png.png,6
6_488.png.png,6
6_476.png.png,6
6_453.png.png,2
6_492.png.png,13
6_469.png.png,30
6_455.png.png,6
6_482.png.png,6
6_478.png.png,6
6_486.png.png,2
6_480.png.png,23
6_491.png.png,13
6_470.png.png,12
6_479.png.png,6
6_456.png.png,13
6_498.png.png,13
6_471.png.png,26
6_481.png.png,37
6_452.png.png,18
6_474.png.png,6
6_458.png.png,6
6_468.png.png,6
6_484.png.png,6
6_454.png.png,30
6_494.png.png,6
6_466.png.png,6
6_451.png.png,13
6_464.png.png,6
6_493.png.png,6
6_460.png.png,34
6_499.png.png,13
6_450.png.png,23
6_495.png.png,6
6_485.png.png,6
6_473.png.png,6
6_467.png.png,6
7_476.png.png,7
7_456.png.png,7
7_482.png.png,7
7_459.png.png,7
7_468.png.png,7
7_484.png.png,7
7_490.png.png,7
7_478.png.png,7
7_481.png.png,7
7_472.png.png,7
7_464.png.png,25
7_489.png.png,7
7_457.png.png,7
7_480.png.png,7
7_494.png.png,7
7_496.png.png,7
7_460.png.png,7
7_454.png.png,31
7_492.png.png,7
7_479.png.png,33
7_452.png.png,7
7_485.png.png,7
7_487.png.png,7
7_458.png.png,7
7_475.png.png,7
7_469.png.png,25
7_499.png.png,7
7_461.png.png,7
7_491.png.png,7
7_493.png.png,17
7_453.png.png,7
7_466.png.png,25
7_462.png.png,7
7_465.png.png,7
7_471.png.png,7
7_477.png.png,7
7_497.png.png,7
7_488.png.png,7
7_470.png.png,17
7_467.png.png,7
7_474.png.png,7
7_463.png.png,7
7_495.png.png,7
7_473.png.png,7
7_450.png.png,7
7_498.png.png,7
7_451.png.png,7
7_455.png.png,7
7_486.png.png,7
7_483.png.png,7
8_459.png.png,8
8_489.png.png,8
8_482.png.png,8
8_481.png.png,8
8_487.png.png,22
8_484.png.png,8
8_498.png.png,8
8_491.png.png,8
8_452.png.png,8
8_467.png.png,43
8_495.png.png,8
8_499.png.png,8
8_457.png.png,11
8_456.png.png,8
8_485.png.png,8
8_477.png.png,8
8_474.png.png,8
8_472.png.png,22
8_463.png.png,22
8_496.png.png,8
8_464.png.png,8
8_450.png.png,8
8_462.png.png,8
8_483.png.png,8
8_470.png.png,8
8_455.png.png,8
8_492.png.png,8
8_469.png.png,8
8_451.png.png,8
8_460.png.png,8
8_461.png.png,8
8_488.png.png,8
8_493.png.png,8
8_468.png.png,8
8_476.png.png,8
8_480.png.png,8
8_453.png.png,16
8_494.png.png,8
8_454.png.png,33
8_466.png.png,8
8_475.png.png,8
8_479.png.png,8
8_497.png.png,8
8_490.png.png,8
8_458.png.png,8
8_486.png.png,27
8_478.png.png,8
8_465.png.png,22
8_473.png.png,8
8_471.png.png,48
9_486.png.png,22
9_489.png.png,9
9_471.png.png,21
9_476.png.png,9
9_477.png.png,9
9_482.png.png,9
9_454.png.png,9
9_470.png.png,9
9_498.png.png,9
9_488.png.png,9
9_474.png.png,9
9_479.png.png,9
9_460.png.png,1
9_455.png.png,40
9_452.png.png,9
9_495.png.png,40
9_491.png.png,9
9_457.png.png,9
9_464.png.png,9
9_485.png.png,9
9_450.png.png,9
9_487.png.png,5
9_469.png.png,9
9_484.png.png,9
9_496.png.png,9
9_453.png.png,9
9_475.png.png,9
9_483.png.png,9
9_461.png.png,9
9_499.png.png,9
9_451.png.png,3
9_459.png.png,9
9_465.png.png,9
9_490.png.png,40
9_466.png.png,9
9_463.png.png,9
9_497.png.png,9
9_468.png.png,9
9_467.png.png,9
9_494.png.png,9
9_481.png.png,9
9_473.png.png,9
9_480.png.png,9
9_462.png.png,9
9_492.png.png,9
9_456.png.png,9
9_478.png.png,9
9_472.png.png,31
9_458.png.png,9
9_493.png.png,9
10_454.png.png,10
10_471.png.png,10
10_493.png.png,10
10_476.png.png,10
10_469.png.png,29
10_480.png.png,10
10_472.png.png,10
10_492.png.png,10
10_465.png.png,10
10_475.png.png,47
10_453.png.png,10
10_483.png.png,10
10_464.png.png,10
10_487.png.png,29
10_452.png.png,10
10_477.png.png,10
10_456.png.png,35
10_462.png.png,41
10_470.png.png,10
10_481.png.png,10
10_459.png.png,10
10_491.png.png,10
10_479.png.png,10
10_486.png.png,29
10_489.png.png,10
10_490.png.png,10
10_461.png.png,33
10_484.png.png,10
10_488.png.png,10
10_499.png.png,10
10_495.png.png,10
10_466.png.png,26
10_463.png.png,10
10_496.png.png,33
10_450.png.png,10
10_458.png.png,29
10_498.png.png,10
10_474.png.png,10
10_485.png.png,41
10_482.png.png,10
10_468.png.png,33
10_494.png.png,10
10_478.png.png,10
10_455.png.png,10
10_473.png.png,10
10_457.png.png,10
10_497.png.png,20
10_451.png.png,10
10_460.png.png,10
10_467.png.png,33
11_489.png.png,11
11_456.png.png,11
11_476.png.png,11
11_464.png.png,11
11_493.png.png,45
11_486.png.png,11
11_462.png.png,39
11_492.png.png,11
11_467.png.png,11
11_461.png.png,11
11_453.png.png,15
11_457.png.png,11
11_454.png.png,2
11_466.png.png,44
11_471.png.png,11
11_499.png.png,25
11_482.png.png,11
11_485.png.png,22
11_496.png.png,11
11_459.png.png,11
11_458.png.png,11
11_478.png.png,11
11_484.png.png,39
11_488.png.png,11
11_463.png.png,36
11_495.png.png,11
11_468.png.png,39
11_451.png.png,11
11_472.png.png,22
11_465.png.png,11
11_452.png.png,38
11_450.png.png,11
11_490.png.png,11
11_498.png.png,11
11_487.png.png,11
11_475.png.png,36
11_494.png.png,2
11_479.png.png,11
11_460.png.png,11
11_483.png.png,7
11_469.png.png,11
11_455.png.png,11
11_497.png.png,11
11_480.png.png,11
11_470.png.png,11
11_481.png.png,47
11_473.png.png,24
11_474.png.png,11
11_477.png.png,11
11_491.png.png,11
12_484.png.png,12
12_463.png.png,34
12_480.png.png,12
12_497.png.png,38
12_477.png.png,12
12_494.png.png,12
12_495.png.png,12
12_491.png.png,12
12_456.png.png,12
12_476.png.png,12
12_473.png.png,12
12_478.png.png,12
12_498.png.png,12
12_450.png.png,8
12_452.png.png,12
12_474.png.png,12
12_492.png.png,12
12_451.png.png,12
12_462.png.png,12
12_482.png.png,12
12_460.png.png,12
12_467.png.png,12
12_465.png.png,12
12_490.png.png,12
12_479.png.png,12
12_472.png.png,12
12_471.png.png,12
12_453.png.png,12
12_485.png.png,34
12_496.png.png,12
12_499.png.png,12
12_458.png.png,12
12_488.png.png,12
12_459.png.png,12
12_481.png.png,12
12_454.png.png,12
12_468.png.png,12
12_489.png.png,12
12_483.png.png,12
12_493.png.png,12
12_487.png.png,12
12_461.png.png,12
12_457.png.png,12
12_464.png.png,12
12_469.png.png,12
12_475.png.png,12
12_470.png.png,12
12_466.png.png,38
12_455.png.png,12
12_486.png.png,12
13_473.png.png,13
13_452.png.png,13
13_477.png.png,18
13_496.png.png,13
13_463.png.png,23
13_464.png.png,6
13_479.png.png,18
13_461.png.png,13
13_454.png.png,2
13_458.png.png,13
13_474.png.png,13
13_499.png.png,13
13_492.png.png,13
13_475.png.png,13
13_450.png.png,13
13_472.png.png,23
13_451.png.png,13
13_468.png.png,13
13_455.png.png,18
13_476.png.png,13
13_487.png.png,11
13_456.png.png,13
13_460.png.png,13
13_471.png.png,13
13_457.png.png,18
13_483.png.png,8
13_486.png.png,13
13_497.png.png,13
13_494.png.png,18
13_489.png.png,13
13_465.png.png,24
13_462.png.png,13
13_482.png.png,13
13_467.png.png,13
13_469.png.png,18
13_480.png.png,13
13_488.png.png,6
13_491.png.png,13
13_493.png.png,18
13_498.png.png,13
13_495.png.png,23
13_481.png.png,18
13_485.png.png,18
13_459.png.png,39
13_470.png.png,13
13_478.png.png,13
13_484.png.png,6
13_490.png.png,24
13_453.png.png,13
13_466.png.png,13
14_475.png.png,14
14_495.png.png,14
14_455.png.png,14
14_494.png.png,14
14_487.png.png,14
14_471.png.png,14
14_460.png.png,14
14_452.png.png,14
14_491.png.png,14
14_477.png.png,14
14_467.png.png,14
14_469.png.png,14
14_456.png.png,30
14_481.png.png,14
14_458.png.png,37
14_490.png.png,14
14_493.png.png,14
14_463.png.png,14
14_482.png.png,14
14_450.png.png,14
14_489.png.png,14
14_451.png.png,14
14_485.png.png,14
14_488.png.png,14
14_462.png.png,14
14_466.png.png,14
14_468.png.png,14
14_453.png.png,14
14_480.png.png,14
14_461.png.png,14
14_476.png.png,14
14_497.png.png,14
14_478.png.png,14
14_496.png.png,14
14_483.png.png,14
14_479.png.png,14
14_473.png.png,14
14_457.png.png,14
14_492.png.png,14
14_499.png.png,14
14_465.png.png,14
14_474.png.png,14
14_459.png.png,14
14_472.png.png,14
14_464.png.png,14
14_498.png.png,14
14_454.png.png,14
14_470.png.png,14
14_486.png.png,14
14_484.png.png,14
15_483.png.png,15
15_474.png.png,17
15_477.png.png,24
15_497.png.png,25
15_457.png.png,15
15_461.png.png,48
15_492.png.png,15
15_478.png.png,15
15_465.png.png,2
15_451.png.png,15
15_470.png.png,17
15_495.png.png,15
15_459.png.png,15
15_460.png.png,15
15_462.png.png,15
15_450.png.png,15
15_484.png.png,15
15_490.png.png,15
15_479.png.png,15
15_456.png.png,15
15_496.png.png,15
15_486.png.png,15
15_476.png.png,15
15_472.png.png,15
15_499.png.png,15
15_475.png.png,15
15_471.png.png,15
15_473.png.png,15
15_498.png.png,15
15_491.png.png,8
15_458.png.png,27
15_487.png.png,15
15_493.png.png,15
15_469.png.png,15
15_494.png.png,15
15_468.png.png,15
15_485.png.png,15
15_480.png.png,15
15_481.png.png,15
15_482.png.png,15
15_464.png.png,15
15_452.png.png,15
15_463.png.png,15
15_454.png.png,15
15_489.png.png,15
15_453.png.png,15
15_455.png.png,47
15_488.png.png,15
15_467.png.png,15
15_466.png.png,15
16_492.png.png,16
16_499.png.png,44
16_483.png.png,16
16_458.png.png,16
16_450.png.png,16
16_498.png.png,16
16_464.png.png,16
16_468.png.png,16
16_462.png.png,3
16_495.png.png,16
16_476.png.png,16
16_482.png.png,16
16_487.png.png,16
16_459.png.png,16
16_496.png.png,16
16_463.png.png,16
16_485.png.png,16
16_466.png.png,16
16_454.png.png,16
16_453.png.png,16
16_491.png.png,16
16_484.png.png,16
16_472.png.png,16
16_493.png.png,16
16_481.png.png,16
16_467.png.png,15
16_497.png.png,16
16_461.png.png,16
16_494.png.png,3
16_478.png.png,16
16_457.png.png,16
16_469.png.png,16
16_489.png.png,16
16_452.png.png,16
16_477.png.png,16
16_488.png.png,16
16_460.png.png,25
16_475.png.png,16
16_455.png.png,16
16_480.png.png,16
16_473.png.png,16
16_465.png.png,22
16_471.png.png,16
16_456.png.png,44
16_479.png.png,16
16_486.png.png,16
16_490.png.png,16
16_474.png.png,16
16_451.png.png,16
16_470.png.png,16
17_483.png.png,36
17_496.png.png,7
17_493.png.png,17
17_490.png.png,45
17_476.png.png,17
17_463.png.png,16
17_478.png.png,47
17_497.png.png,17
17_457.png.png,2
17_468.png.png,17
17_472.png.png,17
17_492.png.png,2
17_470.png.png,43
17_477.png.png,17
17_485.png.png,17
17_479.png.png,4
17_471.png.png,17
17_460.png.png,17
17_482.png.png,17
17_498.png.png,3
17_484.png.png,17
17_459.png.png,36
17_462.png.png,17
17_454.png.png,3
17_465.png.png,17
17_452.png.png,17
17_455.png.png,47
17_488.png.png,7
17_494.png.png,17
17_466.png.png,17
17_469.png.png,17
17_499.png.png,17
17_450.png.png,17
17_491.png.png,17
17_481.png.png,17
17_451.png.png,25
17_473.png.png,17
17_487.png.png,24
17_453.png.png,17
17_461.png.png,17
17_489.png.png,17
17_456.png.png,33
17_467.png.png,17
17_486.png.png,17
17_480.png.png,16
17_458.png.png,17
17_474.png.png,17
17_464.png.png,17
17_475.png.png,33
17_495.png.png,17
18_481.png.png,18
18_475.png.png,18
18_492.png.png,18
18_459.png.png,18
18_497.png.png,18
18_456.png.png,8
18_479.png.png,13
18_471.png.png,23
18_454.png.png,18
18_473.png.png,18
18_498.png.png,13
18_464.png.png,18
18_468.png.png,18
18_450.png.png,18
18_487.png.png,18
18_462.png.png,18
18_495.png.png,18
18_455.png.png,18
18_465.png.png,18
18_482.png.png,18
18_491.png.png,18
18_486.png.png,18
18_485.png.png,18
18_484.png.png,18
18_472.png.png,18
18_476.png.png,18
18_453.png.png,18
18_493.png.png,18
18_470.png.png,18
18_489.png.png,18
18_488.png.png,18
18_461.png.png,18
18_469.png.png,18
18_480.png.png,18
18_460.png.png,18
18_451.png.png,18
18_494.png.png,18
18_466.png.png,18
18_490.png.png,13
18_474.png.png,18
18_467.png.png,18
18_458.png.png,13
18_496.png.png,18
18_478.png.png,18
18_483.png.png,18
18_477.png.png,18
18_457.png.png,23
18_499.png.png,18
18_463.png.png,18
18_452.png.png,18
19_462.png.png,19
19_467.png.png,19
19_469.png.png,19
19_487.png.png,19
19_498.png.png,19
19_480.png.png,19
19_471.png.png,19
19_481.png.png,19
19_475.png.png,19
19_451.png.png,19
19_457.png.png,19
19_494.png.png,19
19_477.png.png,28
19_464.png.png,19
19_461.png.png,19
19_492.png.png,19
19_476.png.png,19
19_482.png.png,19
19_454.png.png,19
19_483.png.png,19
19_499.png.png,19
19_458.png.png,19
19_484.png.png,19
19_468.png.png,19
19_452.png.png,19
19_490.png.png,19
19_450.png.png,19
19_465.png.png,19
19_495.png.png,19
19_456.png.png,19
19_491.png.png,19
19_470.png.png,19
19_478.png.png,19
19_479.png.png,19
19_474.png.png,19
19_486.png.png,19
19_488.png.png,19
19_453.png.png,19
19_496.png.png,19
19_497.png.png,19
19_493.png.png,19
19_473.png.png,19
19_489.png.png,19
19_463.png.png,19
19_466.png.png,19
19_460.png.png,19
19_459.png.png,19
19_455.png.png,19
19_472.png.png,19
19_485.png.png,19
20_496.png.png,20
20_480.png.png,27
20_487.png.png,20
20_476.png.png,20
20_478.png.png,20
20_482.png.png,20
20_468.png.png,20
20_463.png.png,20
20_477.png.png,20
20_460.png.png,20
20_450.png.png,20
20_457.png.png,20
20_479.png.png,20
20_470.png.png,20
20_456.png.png,16
20_471.png.png,20
20_491.png.png,20
20_474.png.png,20
20_455.png.png,20
20_453.png.png,20
20_484.png.png,20
20_481.png.png,20
20_466.png.png,20
20_465.png.png,20
20_492.png.png,20
20_454.png.png,20
20_486.png.png,20
20_452.png.png,20
20_489.png.png,20
20_498.png.png,20
20_497.png.png,20
20_495.png.png,27
20_475.png.png,33
20_462.png.png,20
20_494.png.png,20
20_464.png.png,20
20_461.png.png,20
20_472.png.png,20
20_451.png.png,20
20_493.png.png,43
20_483.png.png,20
20_499.png.png,1
20_458.png.png,20
20_485.png.png,8
20_488.png.png,20
20_473.png.png,16
20_467.png.png,39
20_490.png.png,20
20_459.png.png,27
20_469.png.png,20
21_467.png.png,21
21_482.png.png,21
21_456.png.png,21
21_470.png.png,21
21_459.png.png,21
21_493.png.png,21
21_473.png.png,21
21_488.png.png,21
21_499.png.png,21
21_463.png.png,21
21_495.png.png,21
21_452.png.png,21
21_468.png.png,31
21_458.png.png,21
21_469.png.png,21
21_490.png.png,21
21_498.png.png,21
21_457.png.png,21
21_476.png.png,21
21_486.png.png,21
21_461.png.png,21
21_454.png.png,21
21_464.png.png,21
21_484.png.png,21
21_474.png.png,21
21_465.png.png,21
21_466.png.png,21
21_455.png.png,21
21_485.png.png,21
21_487.png.png,21
21_479.png.png,21
21_460.png.png,21
21_491.png.png,21
21_450.png.png,21
21_451.png.png,21
21_496.png.png,21
21_472.png.png,31
21_497.png.png,21
21_462.png.png,21
21_478.png.png,21
21_477.png.png,5
21_475.png.png,21
21_471.png.png,21
21_453.png.png,21
21_492.png.png,21
21_481.png.png,21
21_494.png.png,21
21_483.png.png,4
21_480.png.png,21
21_489.png.png,21
22_460.png.png,22
22_462.png.png,22
22_461.png.png,10
22_464.png.png,22
22_471.png.png,22
22_484.png.png,22
22_494.png.png,48
22_495.png.png,22
22_496.png.png,33
22_481.png.png,3
22_480.png.png,22
22_455.png.png,22
22_488.png.png,22
22_482.png.png,22
22_498.png.png,22
22_483.png.png,22
22_452.png.png,9
22_486.png.png,33
22_470.png.png,20
22_454.png.png,22
22_472.png.png,33
22_451.png.png,25
22_477.png.png,22
22_456.png.png,22
22_489.png.png,22
22_490.png.png,33
22_475.png.png,22
22_499.png.png,22
22_463.png.png,22
22_450.png.png,22
22_469.png.png,22
22_466.png.png,22
22_492.png.png,33
22_476.png.png,33
22_467.png.png,22
22_478.png.png,22
22_485.png.png,22
22_468.png.png,33
22_487.png.png,33
22_453.png.png,15
22_493.png.png,22
22_457.png.png,11
22_479.png.png,22
22_474.png.png,30
22_473.png.png,33
22_491.png.png,22
22_459.png.png,22
22_497.png.png,22
22_465.png.png,17
22_458.png.png,22
23_455.png.png,23
23_490.png.png,18
23_465.png.png,23
23_454.png.png,23
23_479.png.png,23
23_466.png.png,39
23_458.png.png,18
23_491.png.png,23
23_488.png.png,18
23_485.png.png,23
23_450.png.png,23
23_472.png.png,18
23_496.png.png,20
23_457.png.png,23
23_463.png.png,23
23_481.png.png,24
23_489.png.png,23
23_471.png.png,23
23_453.png.png,23
23_459.png.png,23
23_460.png.png,23
23_495.png.png,38
23_492.png.png,23
23_499.png.png,18
23_461.png.png,23
23_498.png.png,23
23_478.png.png,18
23_487.png.png,23
23_486.png.png,23
23_493.png.png,23
23_452.png.png,18
23_468.png.png,18
23_482.png.png,23
23_484.png.png,23
23_497.png.png,23
23_483.png.png,6
23_451.png.png,23
23_464.png.png,6
23_462.png.png,18
23_477.png.png,18
23_494.png.png,23
23_476.png.png,18
23_474.png.png,18
23_469.png.png,23
23_480.png.png,23
23_470.png.png,39
23_467.png.png,23
23_475.png.png,23
23_456.png.png,23
23_473.png.png,23
24_488.png.png,39
24_479.png.png,39
24_499.png.png,24
24_481.png.png,24
24_466.png.png,24
24_465.png.png,4
24_484.png.png,24
24_496.png.png,24
24_483.png.png,13
24_461.png.png,24
24_453.png.png,34
24_451.png.png,34
24_493.png.png,30
24_486.png.png,24
24_470.png.png,24
24_498.png.png,24
24_460.png.png,34
24_454.png.png,38
24_482.png.png,24
24_463.png.png,46
24_456.png.png,34
24_492.png.png,24
24_487.png.png,24
24_494.png.png,34
24_475.png.png,24
24_497.png.png,24
24_495.png.png,46
24_450.png.png,43
24_490.png.png,24
24_472.png.png,24
24_452.png.png,24
24_458.png.png,24
24_455.png.png,34
24_477.png.png,24
24_476.png.png,24
24_474.png.png,24
24_469.png.png,24
24_468.png.png,24
24_457.png.png,6
24_467.png.png,24
24_480.png.png,24
24_462.png.png,39
24_459.png.png,24
24_478.png.png,24
24_485.png.png,24
24_491.png.png,24
24_473.png.png,24
24_464.png.png,34
24_489.png.png,24
24_471.png.png,24
25_474.png.png,25
25_461.png.png,12
25_477.png.png,25
25_485.png.png,25
25_459.png.png,25
25_483.png.png,25
25_460.png.png,25
25_479.png.png,22
25_497.png.png,25
25_496.png.png,25
25_473.png.png,25
25_455.png.png,25
25_492.png.png,25
25_451.png.png,15
25_472.png.png,25
25_466.png.png,25
25_487.png.png,29
25_450.png.png,25
25_480.png.png,25
25_469.png.png,25
25_491.png.png,25
25_458.png.png,25
25_486.png.png,33
25_478.png.png,25
25_471.png.png,25
25_481.png.png,25
25_475.png.png,25
25_499.png.png,25
25_488.png.png,25
25_462.png.png,25
25_465.png.png,25
25_494.png.png,17
25_498.png.png,25
25_464.png.png,25
25_489.png.png,25
25_484.png.png,25
25_456.png.png,25
25_495.png.png,25
25_457.png.png,25
25_468.png.png,25
25_490.png.png,25
25_493.png.png,15
25_476.png.png,25
25_470.png.png,25
25_454.png.png,25
25_463.png.png,25
25_453.png.png,25
25_482.png.png,36
25_452.png.png,47
25_467.png.png,25
26_453.png.png,26
26_460.png.png,26
26_499.png.png,26
26_494.png.png,26
26_478.png.png,26
26_496.png.png,26
26_488.png.png,26
26_489.png.png,26
26_459.png.png,26
26_452.png.png,26
26_456.png.png,26
26_451.png.png,37
26_457.png.png,26
26_490.png.png,26
26_483.png.png,26
26_492.png.png,26
26_493.png.png,26
26_467.png.png,26
26_482.png.png,26
26_466.png.png,26
26_486.png.png,26
26_491.png.png,26
26_498.png.png,26
26_471.png.png,26
26_465.png.png,26
26_463.png.png,26
26_479.png.png,26
26_469.png.png,26
26_455.png.png,26
26_454.png.png,26
26_474.png.png,26
26_475.png.png,26
26_487.png.png,26
26_462.png.png,26
26_497.png.png,26
26_477.png.png,26
26_468.png.png,26
26_470.png.png,26
26_472.png.png,26
26_481.png.png,26
26_485.png.png,26
26_495.png.png,26
26_458.png.png,26
26_461.png.png,26
26_476.png.png,26
26_484.png.png,26
26_450.png.png,26
26_473.png.png,26
26_464.png.png,26
26_480.png.png,26
27_488.png.png,20
27_472.png.png,27
27_457.png.png,27
27_461.png.png,27
27_498.png.png,27
27_479.png.png,27
27_459.png.png,27
27_454.png.png,27
27_481.png.png,27
27_474.png.png,27
27_489.png.png,27
27_466.png.png,27
27_469.png.png,27
27_494.png.png,27
27_493.png.png,27
27_475.png.png,27
27_478.png.png,27
27_453.png.png,27
27_495.png.png,27
27_471.png.png,27
27_467.png.png,27
27_450.png.png,20
27_465.png.png,27
27_451.png.png,27
27_452.png.png,27
27_484.png.png,27
27_456.png.png,27
27_490.png.png,49
27_468.png.png,27
27_487.png.png,27
27_455.png.png,27
27_483.png.png,27
27_482.png.png,27
27_477.png.png,27
27_492.png.png,27
27_463.png.png,27
27_496.png.png,27
27_491.png.png,27
27_480.png.png,27
27_473.png.png,27
27_486.png.png,27
27_460.png.png,27
27_497.png.png,27
27_458.png.png,27
27_464.png.png,27
27_462.png.png,27
27_485.png.png,27
27_476.png.png,27
27_499.png.png,41
27_470.png.png,27
28_480.png.png,12
28_497.png.png,28
28_475.png.png,28
28_452.png.png,47
28_458.png.png,28
28_454.png.png,28
28_450.png.png,38
28_477.png.png,28
28_472.png.png,28
28_468.png.png,28
28_494.png.png,28
28_463.png.png,28
28_482.png.png,28
28_478.png.png,28
28_459.png.png,25
28_495.png.png,28
28_491.png.png,28
28_486.png.png,28
28_466.png.png,28
28_481.png.png,28
28_455.png.png,28
28_476.png.png,28
28_453.png.png,2
28_464.png.png,28
28_460.png.png,28
28_499.png.png,28
28_456.png.png,28
28_483.png.png,28
28_474.png.png,28
28_473.png.png,28
28_462.png.png,28
28_487.png.png,47
28_484.png.png,28
28_498.png.png,29
28_489.png.png,28
28_479.png.png,28
28_467.png.png,28
28_485.png.png,28
28_457.png.png,28
28_469.png.png,28
28_493.png.png,28
28_470.png.png,28
28_492.png.png,28
28_490.png.png,28
28_496.png.png,28
28_461.png.png,8
28_471.png.png,28
28_465.png.png,28
28_488.png.png,28
28_451.png.png,28
29_477.png.png,29
29_495.png.png,29
29_461.png.png,41
29_496.png.png,41
29_498.png.png,41
29_478.png.png,41
29_497.png.png,35
29_456.png.png,41
29_480.png.png,35
29_472.png.png,41
29_471.png.png,29
29_485.png.png,29
29_473.png.png,41
29_469.png.png,29
29_464.png.png,29
29_493.png.png,41
29_451.png.png,29
29_476.png.png,30
29_470.png.png,29
29_494.png.png,29
29_463.png.png,35
29_457.png.png,29
29_484.png.png,29
29_499.png.png,35
29_459.png.png,41
29_452.png.png,29
29_467.png.png,29
29_458.png.png,41
29_490.png.png,29
29_488.png.png,29
29_482.png.png,41
29_450.png.png,29
29_489.png.png,29
29_487.png.png,29
29_466.png.png,29
29_465.png.png,29
29_483.png.png,29
29_468.png.png,41
29_474.png.png,3
29_475.png.png,29
29_486.png.png,41
29_492.png.png,29
29_479.png.png,10
29_460.png.png,2
29_491.png.png,26
29_453.png.png,29
29_462.png.png,41
29_454.png.png,29
29_455.png.png,29
29_481.png.png,41
30_472.png.png,27
30_481.png.png,30
30_453.png.png,30
30_478.png.png,16
30_458.png.png,30
30_469.png.png,4
30_497.png.png,30
30_463.png.png,30
30_488.png.png,26
30_451.png.png,30
30_479.png.png,30
30_493.png.png,49
30_490.png.png,30
30_487.png.png,30
30_480.png.png,30
30_454.png.png,30
30_450.png.png,30
30_466.png.png,30
30_455.png.png,30
30_483.png.png,30
30_474.png.png,30
30_495.png.png,30
30_475.png.png,30
30_468.png.png,30
30_496.png.png,30
30_473.png.png,3
30_484.png.png,30
30_482.png.png,11
30_485.png.png,47
30_460.png.png,30
30_465.png.png,30
30_467.png.png,30
30_461.png.png,30
30_499.png.png,30
30_491.png.png,30
30_456.png.png,30
30_492.png.png,30
30_464.png.png,16
30_476.png.png,16
30_471.png.png,4
30_486.png.png,30
30_452.png.png,30
30_470.png.png,30
30_457.png.png,30
30_462.png.png,30
30_489.png.png,30
30_477.png.png,30
30_459.png.png,30
30_498.png.png,30
30_494.png.png,30
31_487.png.png,31
31_474.png.png,31
31_484.png.png,6
31_498.png.png,31
31_456.png.png,5
31_455.png.png,31
31_454.png.png,31
31_475.png.png,31
31_497.png.png,31
31_464.png.png,31
31_462.png.png,31
31_493.png.png,31
31_453.png.png,31
31_490.png.png,31
31_482.png.png,31
31_459.png.png,31
31_488.png.png,31
31_491.png.png,31
31_451.png.png,31
31_483.png.png,31
31_499.png.png,31
31_492.png.png,31
31_463.png.png,31
31_460.png.png,31
31_481.png.png,3
31_480.png.png,31
31_494.png.png,31
31_458.png.png,31
31_452.png.png,4
31_473.png.png,31
31_489.png.png,31
31_465.png.png,31
31_479.png.png,31
31_470.png.png,31
31_450.png.png,31
31_466.png.png,31
31_485.png.png,31
31_467.png.png,31
31_469.png.png,31
31_476.png.png,31
31_477.png.png,31
31_468.png.png,31
31_478.png.png,31
31_472.png.png,31
31_495.png.png,31
31_496.png.png,4
31_457.png.png,31
31_461.png.png,31
31_486.png.png,31
31_471.png.png,31
32_496.png.png,32
32_471.png.png,32
32_498.png.png,32
32_495.png.png,32
32_491.png.png,32
32_492.png.png,4
32_453.png.png,32
32_455.png.png,46
32_480.png.png,32
32_469.png.png,32
32_452.png.png,32
32_472.png.png,32
32_483.png.png,46
32_450.png.png,32
32_482.png.png,32
32_490.png.png,32
32_488.png.png,24
32_493.png.png,46
32_487.png.png,32
32_456.png.png,32
32_475.png.png,32
32_451.png.png,32
32_460.png.png,32
32_457.png.png,32
32_486.png.png,46
32_466.png.png,4
32_476.png.png,32
32_465.png.png,31
32_470.png.png,32
32_467.png.png,32
32_479.png.png,32
32_494.png.png,29
32_484.png.png,32
32_462.png.png,32
32_474.png.png,32
32_477.png.png,32
32_454.png.png,32
32_473.png.png,1
32_481.png.png,32
32_464.png.png,46
32_489.png.png,32
32_468.png.png,24
32_459.png.png,32
32_497.png.png,32
32_463.png.png,32
32_461.png.png,4
32_485.png.png,31
32_458.png.png,32
32_478.png.png,46
32_499.png.png,46
33_496.png.png,33
33_482.png.png,33
33_491.png.png,33
33_488.png.png,33
33_481.png.png,33
33_470.png.png,3
33_475.png.png,33
33_485.png.png,33
33_466.png.png,33
33_477.png.png,33
33_490.png.png,33
33_486.png.png,48
33_487.png.png,22
33_493.png.png,33
33_452.png.png,48
33_464.png.png,33
33_489.png.png,48
33_462.png.png,28
33_498.png.png,33
33_455.png.png,33
33_457.png.png,33
33_499.png.png,33
33_494.png.png,33
33_458.png.png,28
33_483.png.png,33
33_492.png.png,33
33_460.png.png,33
33_469.png.png,33
33_459.png.png,33
33_453.png.png,33
33_461.png.png,33
33_495.png.png,33
33_480.png.png,33
33_450.png.png,3
33_497.png.png,48
33_471.png.png,33
33_467.png.png,33
33_476.png.png,48
33_468.png.png,33
33_478.png.png,3
33_473.png.png,33
33_454.png.png,16
33_456.png.png,48
33_472.png.png,22
33_484.png.png,20
33_479.png.png,33
33_465.png.png,33
33_463.png.png,33
33_474.png.png,48
33_451.png.png,33
34_484.png.png,34
34_483.png.png,22
34_451.png.png,34
34_463.png.png,34
34_474.png.png,34
34_469.png.png,34
34_489.png.png,34
34_459.png.png,34
34_490.png.png,34
34_477.png.png,34
34_468.png.png,34
34_456.png.png,34
34_486.png.png,34
34_472.png.png,34
34_498.png.png,34
34_476.png.png,34
34_495.png.png,34
34_464.png.png,34
34_482.png.png,34
34_455.png.png,34
34_461.png.png,34
34_492.png.png,34
34_491.png.png,34
34_466.png.png,34
34_478.png.png,34
34_485.png.png,34
34_496.png.png,34
34_499.png.png,34
34_487.png.png,34
34_460.png.png,34
34_453.png.png,12
34_473.png.png,34
34_450.png.png,34
34_475.png.png,34
34_470.png.png,34
34_494.png.png,34
34_488.png.png,34
34_479.png.png,34
34_465.png.png,34
34_493.png.png,34
34_467.png.png,34
34_454.png.png,34
34_481.png.png,34
34_497.png.png,34
34_458.png.png,23
34_480.png.png,34
34_471.png.png,34
34_462.png.png,34
34_452.png.png,34
34_457.png.png,34
35_465.png.png,10
35_483.png.png,10
35_450.png.png,10
35_463.png.png,10
35_458.png.png,10
35_479.png.png,35
35_457.png.png,10
35_498.png.png,35
35_462.png.png,35
35_476.png.png,4
35_464.png.png,41
35_492.png.png,35
35_471.png.png,10
35_459.png.png,30
35_477.png.png,41
35_472.png.png,10
35_493.png.png,35
35_494.png.png,41
35_452.png.png,35
35_496.png.png,35
35_499.png.png,35
35_478.png.png,10
35_475.png.png,10
35_481.png.png,35
35_466.png.png,41
35_480.png.png,35
35_468.png.png,35
35_467.png.png,35
35_469.png.png,35
35_495.png.png,41
35_485.png.png,29
35_482.png.png,41
35_473.png.png,35
35_453.png.png,41
35_454.png.png,10
35_451.png.png,10
35_497.png.png,35
35_470.png.png,29
35_489.png.png,35
35_455.png.png,35
35_456.png.png,10
35_487.png.png,10
35_484.png.png,41
35_486.png.png,22
35_474.png.png,41
35_491.png.png,35
35_460.png.png,35
35_490.png.png,35
35_461.png.png,22
35_488.png.png,31
36_474.png.png,27
36_460.png.png,9
36_455.png.png,19
36_484.png.png,11
36_472.png.png,27
36_491.png.png,36
36_469.png.png,16
36_461.png.png,36
36_464.png.png,11
36_467.png.png,36
36_451.png.png,36
36_483.png.png,36
36_463.png.png,36
36_458.png.png,43
36_488.png.png,29
36_471.png.png,17
36_457.png.png,36
36_493.png.png,36
36_468.png.png,36
36_462.png.png,2
36_489.png.png,36
36_480.png.png,7
36_477.png.png,36
36_497.png.png,47
36_487.png.png,36
36_453.png.png,36
36_454.png.png,20
36_490.png.png,36
36_492.png.png,15
36_481.png.png,36
36_485.png.png,22
36_482.png.png,36
36_486.png.png,36
36_496.png.png,17
36_475.png.png,36
36_452.png.png,36
36_456.png.png,25
36_479.png.png,43
36_495.png.png,20
36_498.png.png,30
36_465.png.png,36
36_473.png.png,33
36_499.png.png,36
36_450.png.png,36
36_466.png.png,36
36_470.png.png,19
36_476.png.png,43
36_478.png.png,20
36_459.png.png,36
36_494.png.png,36
37_450.png.png,37
37_498.png.png,37
37_477.png.png,37
37_483.png.png,37
37_495.png.png,37
37_460.png.png,37
37_493.png.png,37
37_484.png.png,37
37_459.png.png,37
37_451.png.png,37
37_487.png.png,10
37_467.png.png,37
37_456.png.png,37
37_455.png.png,37
37_476.png.png,37
37_473.png.png,37
37_457.png.png,37
37_465.png.png,19
37_454.png.png,37
37_470.png.png,37
37_499.png.png,37
37_475.png.png,37
37_468.png.png,37
37_458.png.png,37
37_462.png.png,37
37_463.png.png,19
37_453.png.png,37
37_494.png.png,39
37_491.png.png,37
37_464.png.png,14
37_480.png.png,26
37_488.png.png,37
37_478.png.png,37
37_474.png.png,37
37_461.png.png,37
37_479.png.png,37
37_466.png.png,46
37_471.png.png,37
37_486.png.png,37
37_472.png.png,37
37_489.png.png,37
37_482.png.png,37
37_490.png.png,37
37_481.png.png,37
37_469.png.png,26
37_452.png.png,37
37_497.png.png,37
37_496.png.png,37
37_485.png.png,14
37_492.png.png,37
38_450.png.png,38
38_482.png.png,38
38_480.png.png,38
38_489.png.png,38
38_461.png.png,38
38_494.png.png,38
38_490.png.png,38
38_454.png.png,38
38_467.png.png,25
38_458.png.png,38
38_466.png.png,38
38_475.png.png,38
38_493.png.png,38
38_464.png.png,38
38_488.png.png,38
38_474.png.png,38
38_462.png.png,38
38_459.png.png,38
38_484.png.png,38
38_499.png.png,38
38_473.png.png,38
38_477.png.png,38
38_486.png.png,38
38_479.png.png,38
38_456.png.png,38
38_463.png.png,38
38_487.png.png,38
38_496.png.png,38
38_495.png.png,38
38_483.png.png,39
38_453.png.png,38
38_491.png.png,38
38_452.png.png,38
38_498.png.png,38
38_451.png.png,38
38_497.png.png,38
38_468.png.png,38
38_460.png.png,38
38_471.png.png,38
38_481.png.png,38
38_478.png.png,38
38_465.png.png,38
38_472.png.png,38
38_485.png.png,38
38_457.png.png,38
38_470.png.png,38
38_469.png.png,38
38_455.png.png,38
38_492.png.png,38
38_476.png.png,38
39_497.png.png,44
39_479.png.png,39
39_482.png.png,39
39_460.png.png,39
39_468.png.png,39
39_471.png.png,39
39_458.png.png,39
39_499.png.png,18
39_492.png.png,39
39_488.png.png,39
39_459.png.png,39
39_490.png.png,39
39_473.png.png,39
39_486.png.png,39
39_483.png.png,39
39_455.png.png,39
39_450.png.png,39
39_498.png.png,39
39_493.png.png,39
39_456.png.png,39
39_462.png.png,39
39_464.png.png,39
39_453.png.png,39
39_454.png.png,39
39_475.png.png,39
39_484.png.png,39
39_461.png.png,39
39_474.png.png,39
39_480.png.png,39
39_472.png.png,39
39_494.png.png,39
39_491.png.png,39
39_470.png.png,39
39_489.png.png,39
39_457.png.png,39
39_478.png.png,39
39_452.png.png,39
39_451.png.png,39
39_487.png.png,39
39_481.png.png,39
39_466.png.png,39
39_467.png.png,39
39_496.png.png,39
39_465.png.png,39
39_477.png.png,39
39_495.png.png,39
39_485.png.png,39
39_463.png.png,39
39_469.png.png,39
39_476.png.png,39
40_475.png.png,40
40_479.png.png,1
40_456.png.png,31
40_488.png.png,40
40_468.png.png,40
40_487.png.png,47
40_455.png.png,40
40_491.png.png,9
40_453.png.png,40
40_460.png.png,1
40_489.png.png,40
40_481.png.png,40
40_499.png.png,34
40_474.png.png,40
40_497.png.png,40
40_493.png.png,40
40_463.png.png,40
40_462.png.png,40
40_484.png.png,40
40_490.png.png,44
40_464.png.png,40
40_483.png.png,47
40_459.png.png,40
40_476.png.png,40
40_498.png.png,40
40_477.png.png,40
40_472.png.png,40
40_495.png.png,40
40_451.png.png,28
40_461.png.png,9
40_469.png.png,34
40_458.png.png,9
40_480.png.png,26
40_450.png.png,9
40_494.png.png,40
40_466.png.png,40
40_473.png.png,40
40_482.png.png,40
40_492.png.png,12
40_467.png.png,31
40_470.png.png,26
40_457.png.png,40
40_471.png.png,40
40_485.png.png,40
40_478.png.png,40
40_496.png.png,40
40_452.png.png,40
40_454.png.png,9
40_486.png.png,9
40_465.png.png,40
41_487.png.png,41
41_463.png.png,41
41_470.png.png,41
41_462.png.png,29
41_451.png.png,41
41_457.png.png,41
41_480.png.png,41
41_461.png.png,41
41_482.png.png,41
41_479.png.png,35
41_498.png.png,29
41_492.png.png,41
41_460.png.png,41
41_466.png.png,41
41_489.png.png,10
41_471.png.png,11
41_488.png.png,41
41_486.png.png,10
41_458.png.png,41
41_490.png.png,41
41_469.png.png,35
41_494.png.png,10
41_496.png.png,10
41_453.png.png,35
41_497.png.png,41
41_455.png.png,41
41_481.png.png,41
41_495.png.png,29
41_485.png.png,10
41_465.png.png,29
41_459.png.png,41
41_493.png.png,41
41_476.png.png,29
41_484.png.png,41
41_477.png.png,41
41_483.png.png,41
41_468.png.png,10
41_491.png.png,41
41_473.png.png,7
41_474.png.png,10
41_472.png.png,41
41_499.png.png,41
41_452.png.png,10
41_454.png.png,10
41_456.png.png,41
41_464.png.png,10
41_467.png.png,35
41_478.png.png,41
41_450.png.png,41
41_475.png.png,41
42_494.png.png,42
42_457.png.png,42
42_471.png.png,42
42_454.png.png,42
42_469.png.png,42
42_490.png.png,42
42_483.png.png,42
42_458.png.png,42
42_463.png.png,42
42_497.png.png,42
42_459.png.png,42
42_455.png.png,42
42_488.png.png,42
42_464.png.png,42
42_453.png.png,42
42_450.png.png,19
42_476.png.png,42
42_498.png.png,42
42_481.png.png,42
42_461.png.png,42
42_485.png.png,30
42_468.png.png,42
42_456.png.png,42
42_465.png.png,42
42_462.png.png,42
42_460.png.png,42
42_486.png.png,42
42_475.png.png,42
42_479.png.png,42
42_473.png.png,26
42_467.png.png,42
42_466.png.png,42
42_472.png.png,42
42_480.png.png,42
42_487.png.png,42
42_489.png.png,42
42_491.png.png,42
42_474.png.png,42
42_470.png.png,42
42_477.png.png,42
42_493.png.png,4
42_492.png.png,4
42_478.png.png,4
42_482.png.png,5
42_496.png.png,42
42_484.png.png,42
42_452.png.png,42
42_495.png.png,42
42_499.png.png,4
42_451.png.png,42
43_479.png.png,43
43_466.png.png,43
43_493.png.png,43
43_453.png.png,26
43_498.png.png,26
43_494.png.png,43
43_460.png.png,43
43_468.png.png,43
43_487.png.png,43
43_476.png.png,43
43_491.png.png,43
43_467.png.png,37
43_477.png.png,43
43_450.png.png,43
43_471.png.png,43
43_484.png.png,36
43_462.png.png,43
43_464.png.png,43
43_454.png.png,43
43_485.png.png,43
43_499.png.png,43
43_455.png.png,43
43_459.png.png,48
43_469.png.png,43
43_474.png.png,2
43_489.png.png,43
43_470.png.png,43
43_451.png.png,43
43_492.png.png,43
43_488.png.png,43
43_473.png.png,43
43_496.png.png,43
43_495.png.png,43
43_490.png.png,43
43_461.png.png,28
43_481.png.png,26
43_472.png.png,26
43_465.png.png,36
43_497.png.png,43
43_457.png.png,43
43_478.png.png,43
43_456.png.png,31
43_482.png.png,43
43_452.png.png,43
43_480.png.png,43
43_458.png.png,43
43_463.png.png,26
43_486.png.png,43
43_483.png.png,43
43_475.png.png,37
44_460.png.png,2
44_478.png.png,2
44_489.png.png,44
44_479.png.png,44
44_455.png.png,44
44_469.png.png,44
44_463.png.png,44
44_495.png.png,44
44_470.png.png,44
44_459.png.png,44
44_473.png.png,44
44_492.png.png,44
44_453.png.png,2
44_477.png.png,44
44_482.png.png,44
44_465.png.png,44
44_498.png.png,44
44_456.png.png,44
44_468.png.png,44
44_488.png.png,44
44_464.png.png,44
44_452.png.png,2
44_486.png.png,25
44_451.png.png,44
44_467.png.png,47
44_481.png.png,44
44_480.png.png,22
44_491.png.png,44
44_461.png.png,44
44_454.png.png,44
44_484.png.png,44
44_496.png.png,44
44_483.png.png,44
44_499.png.png,15
44_474.png.png,44
44_487.png.png,44
44_462.png.png,44
44_466.png.png,44
44_458.png.png,44
44_471.png.png,47
44_497.png.png,8
44_494.png.png,44
44_485.png.png,4
44_457.png.png,44
44_450.png.png,44
44_472.png.png,43
44_490.png.png,44
44_475.png.png,6
44_476.png.png,44
44_493.png.png,44
45_483.png.png,45
45_489.png.png,25
45_463.png.png,45
45_481.png.png,45
45_493.png.png,45
45_477.png.png,45
45_497.png.png,45
45_450.png.png,45
45_453.png.png,45
45_490.png.png,48
45_472.png.png,45
45_455.png.png,2
45_469.png.png,45
45_467.png.png,45
45_482.png.png,45
45_468.png.png,45
45_474.png.png,45
45_456.png.png,45
45_480.png.png,45
45_471.png.png,45
45_478.png.png,45
45_494.png.png,45
45_491.png.png,7
45_486.png.png,45
45_476.png.png,45
45_484.png.png,45
45_488.png.png,45
45_470.png.png,22
45_487.png.png,45
45_459.png.png,45
45_485.png.png,45
45_475.png.png,45
45_492.png.png,45
45_473.png.png,45
45_479.png.png,7
45_457.png.png,45
45_461.png.png,25
45_466.png.png,45
45_464.png.png,45
45_460.png.png,45
45_458.png.png,45
45_462.png.png,7
45_451.png.png,45
45_465.png.png,45
45_452.png.png,45
45_495.png.png,2
45_454.png.png,25
45_498.png.png,45
45_496.png.png,45
45_499.png.png,45
46_486.png.png,40
46_453.png.png,46
46_472.png.png,46
46_454.png.png,46
46_488.png.png,46
46_494.png.png,46
46_471.png.png,46
46_484.png.png,46
46_498.png.png,46
46_452.png.png,46
46_467.png.png,46
46_493.png.png,46
46_477.png.png,46
46_459.png.png,46
46_461.png.png,40
46_460.png.png,46
46_489.png.png,32
46_466.png.png,46
46_485.png.png,32
46_468.png.png,21
46_458.png.png,46
46_479.png.png,46
46_470.png.png,32
46_465.png.png,46
46_464.png.png,46
46_462.png.png,46
46_487.png.png,24
46_469.png.png,24
46_476.png.png,46
46_490.png.png,46
46_481.png.png,46
46_456.png.png,46
46_497.png.png,46
46_455.png.png,46
46_457.png.png,46
46_463.png.png,46
46_480.png.png,46
46_492.png.png,46
46_474.png.png,46
46_450.png.png,31
46_496.png.png,24
46_491.png.png,46
46_451.png.png,46
46_478.png.png,34
46_475.png.png,46
46_473.png.png,46
46_483.png.png,46
46_495.png.png,46
46_499.png.png,8
46_482.png.png,24
47_462.png.png,47
47_476.png.png,47
47_457.png.png,10
47_466.png.png,16
47_453.png.png,48
47_464.png.png,47
47_481.png.png,47
47_497.png.png,47
47_454.png.png,6
47_488.png.png,38
47_495.png.png,36
47_478.png.png,47
47_460.png.png,3
47_477.png.png,47
47_467.png.png,47
47_451.png.png,11
47_474.png.png,47
47_458.png.png,19
47_450.png.png,47
47_483.png.png,47
47_484.png.png,19
47_496.png.png,28
47_471.png.png,47
47_489.png.png,28
47_494.png.png,3
47_492.png.png,3
47_479.png.png,36
47_499.png.png,48
47_452.png.png,33
47_470.png.png,36
47_487.png.png,8
47_475.png.png,47
47_461.png.png,47
47_469.png.png,6
47_465.png.png,36
47_493.png.png,36
47_463.png.png,47
47_491.png.png,22
47_459.png.png,47
47_472.png.png,47
47_455.png.png,47
47_490.png.png,47
47_473.png.png,47
47_456.png.png,3
47_486.png.png,17
47_482.png.png,47
47_468.png.png,47
47_480.png.png,48
47_498.png.png,22
47_485.png.png,3
48_479.png.png,33
48_485.png.png,48
48_497.png.png,48
48_467.png.png,33
48_475.png.png,48
48_462.png.png,48
48_470.png.png,22
48_498.png.png,6
48_464.png.png,48
48_474.png.png,47
48_480.png.png,48
48_472.png.png,48
48_481.png.png,20
48_484.png.png,28
48_455.png.png,33
48_456.png.png,17
48_487.png.png,33
48_492.png.png,48
48_463.png.png,48
48_494.png.png,48
48_482.png.png,48
48_457.png.png,17
48_477.png.png,48
48_491.png.png,48
48_459.png.png,33
48_483.png.png,48
48_466.png.png,47
48_460.png.png,48
48_476.png.png,48
48_465.png.png,47
48_496.png.png,47
48_454.png.png,33
48_461.png.png,48
48_471.png.png,48
48_453.png.png,48
48_478.png.png,33
48_490.png.png,48
48_468.png.png,33
48_489.png.png,48
48_493.png.png,48
48_452.png.png,48
48_469.png.png,48
48_473.png.png,48
48_488.png.png,48
48_499.png.png,33
48_486.png.png,48
48_458.png.png,48
48_495.png.png,48
48_450.png.png,47
48_451.png.png,48
49_476.png.png,49
49_467.png.png,49
49_457.png.png,49
49_480.png.png,49
49_485.png.png,49
49_461.png.png,49
49_451.png.png,49
49_455.png.png,49
49_497.png.png,49
49_466.png.png,37
49_490.png.png,49
49_492.png.png,49
49_463.png.png,49
49_484.png.png,49
49_454.png.png,49
49_471.png.png,49
49_462.png.png,49
49_453.png.png,49
49_478.png.png,49
49_468.png.png,49
49_460.png.png,49
49_456.png.png,49
49_470.png.png,49
49_450.png.png,49
49_459.png.png,49
49_481.png.png,49
49_452.png.png,49
49_464.png.png,49
49_494.png.png,49
49_498.png.png,49
49_488.png.png,49
49_489.png.png,49
49_486.png.png,49
49_493.png.png,49
49_474.png.png,49
49_473.png.png,49
49_487.png.png,49
49_499.png.png,49
49_475.png.png,49
49_477.png.png,49
49_458.png.png,49
49_483.png.png,49
49_469.png.png,49
49_465.png.png,49
49_496.png.png,49
49_472.png.png,49
49_495.png.png,27
49_491.png.png,49
49_482.png.png,49
49_479.png.png,49
